{"cameraMode":{"drawMode":0,"name":"Shaded","section":"Shading Mode"},"sceneLighting":true,"audioPlay":false,"sceneViewState":{"m_AlwaysRefresh":false,"showFog":true,"showSkybox":true,"showFlares":true,"showImageEffects":true,"showParticleSystems":true,"showVisualEffectGraphs":true,"m_FxEnabled":true},"in2DMode":false,"pivot":{"x":0.6479293704032898,"y":-3.708921432495117,"z":-4.701364040374756},"rotation":{"x":0.0009382863063365221,"y":0.9587244987487793,"z":-0.2843303382396698,"w":0.0031649775337427856},"size":7.081674575805664,"orthographic":false}